1|Carnae Patrice|Flamiano|F|MNL-CAS|UE Manila College of Arts and Sciences (1st Year, BS Tourism Management)|1f-face.jpg|1f-body.jpg
2|Ma. Samantha Denise|Villanueva|F|MNL-Educ|UE Manila College of Education (4th Year, BS Nutrition and Dietetics)|2f-face.jpg|2f-body.jpg
3|Raena Niña|Panganiban|F|MNL-CCSS|UE Manila College of Computer Studies and Systems (4th Year, BS Computer Science)|3f-face.jpg|3f-body.jpg
4|Rhoan|Aguilar|F|CAL-CBA|UE Caloocan College of Business Administration (4th Year, BS Accounting)|4f-face.jpg|4f-body.jpg
5|Shyrla|Nuñez|F|UE Manila CDent - Pre-Dent|UE Manila College of Dentistry (1st Year, Pre-Dentistry)|5f-face.jpg|5f-body.jpg
6|Tricia|Barizo|F|UE Manila CBA - BS Accounting|UE Manila College of Business Administration (4th Year, BS Accounting)|6f-face.jpg|6f-body.jpg
7|Jeazzile Glezee|Macutay|F|UE Manila CEngg - BS Civil Engineering|UE Manila College of Engineering (4th Year, BS Civil Engineering)|7f-face.jpg|7f-body.jpg
8|Mitzi|Tan|F|UE Caloocan CAS - BS Tourism Management|UE Caloocan College of Arts and Sciences (3rd Year, BS Tourism Management) |8f-face.jpg|8f-body.jpg
1|Carlson Jude|Carter|M|UE Manila CAS - Psychology|UE Manila College of Arts and Sciences (3rd Year, BS Psychology)|1m-face.jpg|1m-body.jpg
2|Rodeo Mark|Guzman|M|UE Manila CEduc - Nutrition and Dietetics|UE Manila College of Education (2nd Year, BS Nutrition and Dietetics)|2m-face.jpg|2m-body.jpg
3|Matthew|Purugganan|M|UE Manila CCSS - Information Technology|UE Manila College of Computer Studies and Systems (4th Year, BS Information Technology)|3m-face.jpg|3m-body.jpg
4|John Paulo|Marcelino|M|UE Caloocan CAS - Hotel and Restaurant Management|UE Caloocan College of Arts and Sciences (4th Year, BS Hotel and Restaurant Management)|4m-face.jpg|4m-body.jpg
5|Ezekiel|Algabre|M|UE Manila CDent - Dentistry Proper|UE Manila College of Dentistry (2nd Year, Dentistry Proper)|5m-face.jpg|5m-body.jpg
6|Mark David|Gwan|M|UE Manila CBA - Management|UE Manila College of Business Administration (4th Year, BS Management)|6m-face.jpg|6m-body.jpg
7|Mark Adrian|Crystal|M|UE Manila CEngg - ECE|UE Manila College of Engineering (2nd Year, BS Electronics and Communication Engineering)|7m-face.jpg|7m-body.jpg
8|Jhoevy|Tuazon|M|UE Caloocan CAS - Communication Arts|UE Caloocan College of Arts and Sciences (2nd Year, BS Communication Arts)|8m-face.jpg|8m-body.jpg